<?xml version="1.0" encoding="UTF-8" ?>
<XMLDB PATH="mod/quiz/accessrule/invigilator/db" VERSION="2021071600" COMMENT="XMLDB file for Moodle mod/quiz/accessrule/invigilator"
       xmlns:xsi="http://www.w3.org/2001/XMLSchema-instance"
       xsi:noNamespaceSchemaLocation="../../../../../lib/xmldb/xmldb.xsd"
>
    <TABLES>
        <TABLE NAME="quizaccess_invigilator" COMMENT="Stores all the settings for this accessrule">
            <FIELDS>
                <FIELD NAME="id" TYPE="int" LENGTH="10" NOTNULL="true" UNSIGNED="true" SEQUENCE="true" NEXT="quizid"/>
                <FIELD NAME="quizid" TYPE="int" LENGTH="10" NOTNULL="true" UNSIGNED="false" SEQUENCE="false" COMMENT="Foreign key related to quiz.id." PREVIOUS="id" NEXT="invigilatorrequired"/>
                <FIELD NAME="invigilatorrequired" TYPE="int" LENGTH="2" NOTNULL="true" UNSIGNED="false" DEFAULT="0" SEQUENCE="false" COMMENT="If 1 then the quiz require screenshot recording." PREVIOUS="quizid"/>
            </FIELDS>
            <KEYS>
                <KEY NAME="primary" TYPE="primary" FIELDS="id" NEXT="quizid"/>
                <KEY NAME="quizid" TYPE="foreign-unique" FIELDS="quizid" REFTABLE="quiz" REFFIELDS="id" PREVIOUS="primary"/>
            </KEYS>
        </TABLE>
        <TABLE NAME="quizaccess_invigilator_logs" COMMENT="Stores all validations for reporting">
            <FIELDS>
                <FIELD NAME="id" TYPE="int" LENGTH="10" NOTNULL="true" UNSIGNED="true" SEQUENCE="true" NEXT="courseid"/>
                <FIELD NAME="courseid" TYPE="int" LENGTH="10" NOTNULL="true" UNSIGNED="false" SEQUENCE="false" COMMENT="Course id." PREVIOUS="id" NEXT="quizid"/>
                <FIELD NAME="cmid" TYPE="int" LENGTH="10" NOTNULL="true" UNSIGNED="false" SEQUENCE="false" COMMENT="Course Module id" PREVIOUS="courseid" NEXT="quizid"/>
                <FIELD NAME="quizid" TYPE="int" LENGTH="10" NOTNULL="true" UNSIGNED="false" SEQUENCE="false" COMMENT="Quiz id" PREVIOUS="cmid" NEXT="userid"/>
                <FIELD NAME="userid" TYPE="int" LENGTH="10" NOTNULL="true" UNSIGNED="false" DEFAULT="0" SEQUENCE="false" COMMENT="User who perticipated in course" PREVIOUS="quizid" NEXT="screenshot"/>
                <FIELD NAME="screenshot" TYPE="text" NOTNULL="true" UNSIGNED="false" SEQUENCE="false" COMMENT="Screenshot image" PREVIOUS="userid" NEXT="timecreated"/>
                <FIELD NAME="timecreated" TYPE="int" LENGTH="10" NOTNULL="true" UNSIGNED="true" SEQUENCE="false" COMMENT="Validation process date and time" PREVIOUS="screenshot"/>
            </FIELDS>
            <KEYS>
                <KEY NAME="primary" TYPE="primary" FIELDS="id" NEXT="quizid"/>
                <KEY NAME="userid" TYPE="foreign" FIELDS="userid" REFTABLE="user" REFFIELDS="id"/>
                <KEY NAME="quizid" TYPE="foreign" FIELDS="quizid" REFTABLE="quiz" REFFIELDS="id"/>
            </KEYS>
        </TABLE>
    </TABLES>
</XMLDB>
